--covLab

DROP TABLE COMMENTS CASCADE CONSTRAINTS;
DROP TABLE BOARD CASCADE CONSTRAINTS;
--DROP TABLE USERS CASCADE CONSTRAINTS;
DROP TABLE NOTICE CASCADE CONSTRAINTS;
DROP TABLE HOSPITAL CASCADE CONSTRAINTS;
DROP TABLE VACCINE_INFO CASCADE CONSTRAINTS;
--DROP TABLE SUB_USERS CASCADE CONSTRAINTS;
DROP TABLE VACCINE CASCADE CONSTRAINTS;
DROP TABLE RESERVATION CASCADE CONSTRAINTS;
DROP TABLE VACCINE_DATA CASCADE CONSTRAINTS;
DROP TABLE MEMBERS CASCADE CONSTRAINTS;

------------------------------------------------------------



CREATE TABLE MEMBERS
(
    USER_NO     NUMBER NOT NULL CONSTRAINT PK_MEMBERS PRIMARY KEY,
    SUB_USER_NO NUMBER DEFAULT NULL,
    USER_ID         VARCHAR2(20) UNIQUE, 
    USER_PW         VARCHAR2(20) , 
    USER_NAME       VARCHAR2(20)     NOT NULL, 
    USER_RN         CHAR(14)   unique      NOT NULL, 
    USER_EMAIL      VARCHAR2(30)    , 
    USER_PHONE      CHAR(13)         NOT NULL, 
    USER_ADDRESS    VARCHAR2(100)    NOT NULL, 
    USER_GRADE      CHAR(1)          DEFAULT 'U',
    SMS_AGR         CHAR(1)          DEFAULT 'N',
    INO_CNT         NUMBER    DEFAULT 0
);

COMMENT ON TABLE MEMBERS IS '회원';
COMMENT ON COLUMN MEMBERS.USER_NO IS '회원번호';
COMMENT ON COLUMN MEMBERS.SUB_USER_NO IS '대리번호';
COMMENT ON COLUMN MEMBERS.USER_ID IS '아이디';
COMMENT ON COLUMN MEMBERS.USER_PW IS '비밀번호';
COMMENT ON COLUMN MEMBERS.USER_RN IS '주민번호';
COMMENT ON COLUMN MEMBERS.USER_NAME IS '이름';
COMMENT ON COLUMN MEMBERS.USER_PHONE IS '핸드폰번호';
COMMENT ON COLUMN MEMBERS.USER_EMAIL IS '이메일';
COMMENT ON COLUMN MEMBERS.USER_ADDRESS IS '주소';
COMMENT ON COLUMN MEMBERS.USER_GRADE IS '유저, 병원, 관리자';
COMMENT ON COLUMN MEMBERS.SMS_AGR IS 'SMS수신여부';
COMMENT ON COLUMN MEMBERS.INO_CNT IS '접종회차';


CREATE TABLE HOSPITAL
(
    REG_BUS_NO    CHAR(12)         NOT NULL, 
    HP_NAME       VARCHAR2(50)     NOT NULL, 
    HP_ADDRESS    VARCHAR2(100)    NOT NULL, 
    HP_PHONE      VARCHAR2(20)     NOT NULL, 
    HP_LATITUDE   FLOAT            NOT NULL,
    HP_LONGITUDE  FLOAT            NOT NULL,
    CONSTRAINT PK_HOSPITAL PRIMARY KEY (REG_BUS_NO)
);

COMMENT ON TABLE HOSPITAL IS '병원';
COMMENT ON COLUMN HOSPITAL.REG_BUS_NO IS '병원사업자등번';
COMMENT ON COLUMN HOSPITAL.HP_NAME IS '보유기관명';
COMMENT ON COLUMN HOSPITAL.HP_ADDRESS IS '주소';
COMMENT ON COLUMN HOSPITAL.HP_PHONE IS '보유기관 전번';
COMMENT ON COLUMN HOSPITAL.HP_LATITUDE IS '위도';
COMMENT ON COLUMN HOSPITAL.HP_LONGITUDE IS '경도';

CREATE TABLE BOARD
(
    BOARD_NO         NUMBER            NOT NULL, 
    BOARD_TITLE      VARCHAR2(60)      NOT NULL, 
    BOARD_WRITER     VARCHAR2(20)      NOT NULL,    
    BOARD_CONTENT    VARCHAR2(1000)    NULL, 
    BOARD_DATE       TIMESTAMP         NOT NULL, 
    VIEW_CNT         NUMBER            DEFAULT 0, 
    RECOMMEND_CNT    NUMBER            DEFAULT 0, 
    CONSTRAINT PK_BOARD PRIMARY KEY (BOARD_NO)
);

COMMENT ON TABLE BOARD IS '게시판';
COMMENT ON COLUMN BOARD.BOARD_NO IS '게시글 번호';
COMMENT ON COLUMN BOARD.BOARD_TITLE IS '게시글 제목';
COMMENT ON COLUMN BOARD.BOARD_CONTENT IS '게시글 내용';
COMMENT ON COLUMN BOARD.BOARD_DATE IS '게시글 작성날짜';
COMMENT ON COLUMN BOARD.BOARD_WRITER IS '작성자 아이디';
COMMENT ON COLUMN BOARD.VIEW_CNT IS '조회수';
COMMENT ON COLUMN BOARD.RECOMMEND_CNT IS '추천수';

CREATE TABLE COMMENTS
(
    COM_NO         NUMBER            NOT NULL, 
    BOARD_REF      NUMBER            NOT NULL, 
    COM_WRITER     VARCHAR2(20)      NOT NULL, 
    COM_DATE       TIMESTAMP         NOT NULL, 
    COM_CONTENT    VARCHAR2(1000)    NULL, 
    COM_LEVEL      NUMBER            NOT NULL, 
    CONSTRAINT PK_COMMENTS PRIMARY KEY (COM_NO)
);

COMMENT ON TABLE COMMENTS IS '댓글';
COMMENT ON COLUMN COMMENTS.COM_NO IS '댓글번호';
COMMENT ON COLUMN COMMENTS.BOARD_REF IS '게시글 번호';
COMMENT ON COLUMN COMMENTS.COM_WRITER IS '아이디';
COMMENT ON COLUMN COMMENTS.COM_DATE IS '작성날짜';
COMMENT ON COLUMN COMMENTS.COM_CONTENT IS '댓글 내용';
COMMENT ON COLUMN COMMENTS.COM_LEVEL IS '참조 댓글 번호';


CREATE TABLE NOTICE
(
    USER_ID       VARCHAR2(20)    NOT NULL, 
    REG_BUS_NO    CHAR(12)        NOT NULL, 
    VAC_NAME      VARCHAR2(30)    NOT NULL, 
    CONSTRAINT PK_SMS PRIMARY KEY (USER_ID, REG_BUS_NO, VAC_NAME)
);

COMMENT ON TABLE NOTICE IS '알림';
COMMENT ON COLUMN NOTICE.USER_ID IS '아이디';
COMMENT ON COLUMN NOTICE.REG_BUS_NO IS '병원사업자등번';
COMMENT ON COLUMN NOTICE.VAC_NAME IS '백신 이름';


CREATE TABLE VACCINE_DATA
(
    SERIAL_NUM      VARCHAR2(20)    NOT NULL, 
    REG_BUS_NO      CHAR(12)        NULL, 
    REL_DATE        TIMESTAMP            NULL, 
    REMAIN          NUMBER          NOT NULL, 
    SELL_BY_DATE    DATE            NOT NULL, 
    CONSTRAINT PK_VACCINE PRIMARY KEY (SERIAL_NUM)
);

COMMENT ON TABLE VACCINE_DATA IS '백신 데이터';
COMMENT ON COLUMN VACCINE_DATA.SERIAL_NUM IS '일련번호';
COMMENT ON COLUMN VACCINE_DATA.REG_BUS_NO IS '병원사업자등번';
COMMENT ON COLUMN VACCINE_DATA.REL_DATE IS '개봉일시';
COMMENT ON COLUMN VACCINE_DATA.REMAIN IS '잔여회분';
COMMENT ON COLUMN VACCINE_DATA.SELL_BY_DATE IS '유통기한';


CREATE TABLE VACCINE_INFO
(
    VAC_NAME           VARCHAR2(30)    NOT NULL, 
    MADE_BY_COMPANY    VARCHAR2(20)    NOT NULL, 
    MADE_IN_COUNTRY    VARCHAR2(30)    NOT NULL, 
    MAX_IOC_COUNT      NUMBER          NOT NULL, 
    EXP_DUR            VARCHAR2(10)    NOT NULL, 
    CONSTRAINT PK_VACCINE_INFO PRIMARY KEY (VAC_NAME)
);

COMMENT ON TABLE VACCINE_INFO IS '백신 정보';
COMMENT ON COLUMN VACCINE_INFO.VAC_NAME IS '백신이름';
COMMENT ON COLUMN VACCINE_INFO.MADE_BY_COMPANY IS '제조사';
COMMENT ON COLUMN VACCINE_INFO.MADE_IN_COUNTRY IS '제조국';
COMMENT ON COLUMN VACCINE_INFO.MAX_IOC_COUNT IS '최대접종횟수';
COMMENT ON COLUMN VACCINE_INFO.EXP_DUR IS '유통기간';

CREATE TABLE RESERVATION
(
    SERIAL_NUM    VARCHAR2(20)    NOT NULL, 
    SUB_OK        CHAR(1)         DEFAULT 'N' NOT NULL, 
    USER_RN       CHAR(14)        NOT NULL, 
    REG_BUS_NO    CHAR(12)        NOT NULL, 
    REV_DATE      TIMESTAMP           NOT NULL, 
    IOC_DATE      TIMESTAMP            NULL, 
    CAN_DATE      TIMESTAMP            NULL, 
    STATE	CHAR(1)	DEFAULT 'W',
    CONSTRAINT PK_RESERVATION PRIMARY KEY (SERIAL_NUM, USER_RN, REV_DATE)
);

COMMENT ON TABLE RESERVATION IS '예약데이터';
COMMENT ON COLUMN RESERVATION.SERIAL_NUM IS '일련번호';
COMMENT ON COLUMN RESERVATION.SUB_OK IS '대리여부';
COMMENT ON COLUMN RESERVATION.USER_RN IS '주민번호';
COMMENT ON COLUMN RESERVATION.REG_BUS_NO IS '병원사업자등번';
COMMENT ON COLUMN RESERVATION.REV_DATE IS '예약일시';
COMMENT ON COLUMN RESERVATION.IOC_DATE IS '접종일시';
COMMENT ON COLUMN RESERVATION.CAN_DATE IS '취소일시';
COMMENT ON COLUMN RESERVATION.CAN_DATE IS '취소일시';



CREATE TABLE VACCINE
(
    SERIAL_NUM      VARCHAR2(20)    NOT NULL, 
    VAC_NAME        VARCHAR2(30)    NOT NULL, 
    PRODUCT_DATE    DATE            NOT NULL, 
    CONSTRAINT PK_VAC PRIMARY KEY (SERIAL_NUM)
);

COMMENT ON TABLE VACCINE IS '백신';
COMMENT ON COLUMN VACCINE.SERIAL_NUM IS '일련번호';
COMMENT ON COLUMN VACCINE.VAC_NAME IS '백신이름';
COMMENT ON COLUMN VACCINE.PRODUCT_DATE IS '제조일시';

-----------------------------------------------------------
ALTER TABLE MEMBERS
    ADD CONSTRAINT FK_MEMTERS_SUNO FOREIGN KEY (SUB_USER_NO)
        REFERENCES MEMBERS (USER_NO);

ALTER TABLE VACCINE_DATA
    ADD CONSTRAINT FK_VACCINE_DATA_RBNO FOREIGN KEY (REG_BUS_NO)
        REFERENCES HOSPITAL (REG_BUS_NO);

ALTER TABLE NOTICE
    ADD CONSTRAINT FK_NOTICE_RBNO FOREIGN KEY (REG_BUS_NO)
        REFERENCES HOSPITAL (REG_BUS_NO);

ALTER TABLE NOTICE
    ADD CONSTRAINT FK_NOTICE_UID FOREIGN KEY (USER_ID)
        REFERENCES MEMBERS (USER_ID);

ALTER TABLE RESERVATION
    ADD CONSTRAINT FK_RESERVATION_UNO FOREIGN KEY (USER_RN)
        REFERENCES MEMBERS (USER_RN);

ALTER TABLE RESERVATION
    ADD CONSTRAINT FK_RESERVATION_RBNO FOREIGN KEY (REG_BUS_NO)
        REFERENCES HOSPITAL (REG_BUS_NO);

ALTER TABLE RESERVATION
    ADD CONSTRAINT FK_RESERVATION_SN FOREIGN KEY (SERIAL_NUM)
        REFERENCES VACCINE (SERIAL_NUM);

ALTER TABLE RESERVATION
    ADD CONSTRAINT state_check CHECK (state in ('W', 'F', 'C'));

ALTER TABLE VACCINE
    ADD CONSTRAINT FK_VACCINE_VN FOREIGN KEY (VAC_NAME)
        REFERENCES VACCINE_INFO (VAC_NAME);

ALTER TABLE VACCINE
    ADD CONSTRAINT FK_VACCINE_SN FOREIGN KEY (SERIAL_NUM)
        REFERENCES VACCINE_DATA (SERIAL_NUM);

ALTER TABLE COMMENTS
    ADD CONSTRAINT FK_COMMENTS_CW FOREIGN KEY (COM_WRITER)
        REFERENCES MEMBERS (USER_ID);

alter table comments 
    add constraints FK_COMMENTS_BR foreign key (board_ref) 
        references board (board_no) on delete cascade;
        
alter table comments 
    add constraints FK_CREF foreign key (com_level) 
        references comments (com_no) on delete cascade;

ALTER TABLE BOARD
    ADD CONSTRAINT FK_BOARD_BOARD_BW FOREIGN KEY (BOARD_WRITER)
        REFERENCES MEMBERS (USER_ID);



INSERT INTO MEMBERS VALUES (1, DEFAULT, 'user01', 'pass01', '김상혁', '910504-1025444', 'sanghyuk1@naver.com', '010-3245-4492', '대구시북구칠성동1가56-1', default, default, 0);
INSERT INTO MEMBERS VALUES (2, DEFAULT, 'user02', 'pass02', '전인성', '990806-1654555', 'insung@naver.com', '010-2435-4249',  '광주시 동구 학동 현대ⓐ 102/106',default, default, 0);
INSERT INTO MEMBERS VALUES (3, DEFAULT, 'user03', 'pass03', '김상혁', '910530-1655977', 'sanghyuk1@naver.com', '010-2655-4152', '서울 광진구 구의동 25-17 7/6', default, default, 0);
INSERT INTO MEMBERS VALUES (4, DEFAULT, 'user04', 'pass04', '김현식', '910203-1211224', 'hyunsik@naver.com', '010-2348-3419', '서울 관악구 봉천3동 37-68번지', default, default, 0);
INSERT INTO MEMBERS VALUES (5, DEFAULT, 'user05', 'pass05', '한수빈', '961205-1654552', 'subin@naver.com', '010-9581-1886', '서울시 중량구 면목동 374-45번지', default, default, 0);
INSERT INTO MEMBERS VALUES (6, DEFAULT, 'user06', 'pass06', '김소미', '951106-2124563', 'somi@naver.com', '010-9612-1659', '서울시 마포구 성산2동', default, default, 0);
INSERT INTO MEMBERS VALUES (7, DEFAULT, 'user07', 'pass07', '이홍섭', '910721-1465977', 'hongsub@naver.com', '010-1388-6448', '서울시 강남구 역삼동',default, default, 0);
INSERT INTO MEMBERS VALUES (8, DEFAULT, 'user08', 'pass08', '남나리', '821222-2127042', 'nari@naver.com',  '010-3415-9926', '경기도 광주시 송정동 560번지 이수아파트 103-206호', default, default, 0);
INSERT INTO MEMBERS VALUES (9, DEFAULT, 'user09', 'pass09', '박나연', '801022-1102410', 'nayoen@naver.com', '010-9446-1685', '경기도 남양주시 와부읍 도곡리 986-1 두산위브 112-1102호', default, default, 0);
INSERT INTO MEMBERS VALUES (10, DEFAULT, 'user10', 'pass10', '박남정', '820617-2111019', 'namjoeng@naver.com', '010-1384-5596', '경기도 과천시 부림동 주공아파트 903-408호', default, default, 0);
INSERT INTO MEMBERS VALUES (11, DEFAULT, 'user11', 'pass11', '신누리', '820613-2156844', 'nuri@naver.com', '010-1289-2388', '경기도 군포시 내손동771 반도보라빌리지105-203', default, default, 0);
INSERT INTO MEMBERS VALUES (12, DEFAULT, 'user12', 'pass12', '이준호', '900125-1234567', 'junho@jype.com', '010-1990-0125', '서울시 강남구 청담동', default, default, 0);
INSERT INTO MEMBERS VALUES (13, DEFAULT, 'user13', 'pass13', '오대근', '810722-1129861', 'daegeun@naver.com', '010-9862-1559', '경기도 용인시 수지읍 상현리 서원마을 현대홈타운 206-103', default, default, 0);
INSERT INTO MEMBERS VALUES (14, DEFAULT, 'user14', 'pass14', '윤대연', '800620-1102305', 'daeyeon@naver.com', '010-6582-1394', '인천광역시 남동구 만수4동 주공아파트 313-401호', default, default, 0);
INSERT INTO MEMBERS VALUES (15, DEFAULT, 'user15', 'pass15', '이대원', '820221-1116284', 'daewon@naver.com', '010-3295-9655', '서울시 강남구 청담동 108번지 건영아파트 102-606호', default, default, 0);
INSERT INTO MEMBERS VALUES (16, DEFAULT, 'user16', 'pass16', '이대은', '821224-2140928', 'daeeun@naver.com', '010-1987-9640', '부산광역시 금정구 구서1동 유림노르웨이 아침아파트 2301호', default, default, 0);
INSERT INTO MEMBERS VALUES (17, DEFAULT, 'user17', 'pass17', '임도란', '811201-2169255', 'doran@naver.com', '010-3355-9944', '서울시 영등포구 문래2동 미원아파트 102-202호', default, default, 0);
INSERT INTO MEMBERS VALUES (18, DEFAULT, 'user18', 'pass18', '고리나', '851030-2169692', 'lina@naver.com', '010-6975-2685', '경기도 안산시 상록구 사동 푸르지오6차 610-104', default, default, 0);
INSERT INTO MEMBERS VALUES (19, DEFAULT, 'user19', 'pass19', '오두용', '830601-2148412', 'duyeong@naver.com', '010-3684-1987', '경기도 성남시 분당구 정자동 우성아파트 405-1902', default, default, 0);
INSERT INTO MEMBERS VALUES (20, DEFAULT, 'user20', 'pass20', '오득래', '841225-2161953', 'oh@naver.com', '010-1288-6699', '서울시 양천구 목3동 618-9 2층', default, default, 0);

INSERT INTO MEMBERS VALUES (21, 11, NULL, NULL, '한선기', '621133-1483658', NULL, '010-9941-9999', '서울시 강남구 일원동 수서택지 상록수ⓐ 108/302', DEFAULT, DEFAULT, 0);
INSERT INTO MEMBERS VALUES (22, 1, NULL, NULL, '강중훈', '621136-1006405', NULL, '010-3332-4433', '서울노원구하계동현대아파트102-1107', DEFAULT, DEFAULT, 0);
INSERT INTO MEMBERS VALUES (23, 1, NULL, NULL, '최만식', '861011-1940062', NULL, '010-8873-9908', '서울시 은평구 갈현2동 496-1 서울의원', DEFAULT, DEFAULT, 0);
INSERT INTO MEMBERS VALUES (24, 13, NULL, NULL, '정도연', '631127-2519077', NULL, '010-6654-4436', '서울강동구길동삼익파크맨션503-1205', DEFAULT, DEFAULT, 0);
INSERT INTO MEMBERS VALUES (25, 14, NULL, NULL, '안석규', '651031-1962810', NULL, '010-2345-7654', '서울노원구중계동양지대림아파트103-704', DEFAULT, DEFAULT, 0);
INSERT INTO MEMBERS VALUES (26, 15, NULL, NULL, '조재형', '721128-1732822', NULL, '010-3326-5548', '서울시 은평구 응암4동 694-1 우성ⓐ 102/1305', DEFAULT, DEFAULT, 0);
INSERT INTO MEMBERS VALUES (27, 11, NULL, NULL, '정지현', '641231-2269080', NULL, '010-2977-6129', '서울시 관악구 신림9동 28-9신동아@905호', DEFAULT, DEFAULT, 0);
INSERT INTO MEMBERS VALUES (28, 2, NULL, NULL, '김예수', '651122-2592930', NULL, '010-4088-7600', '서울송파구문정동훼미리아파트227-103', DEFAULT, DEFAULT, 0);
INSERT INTO MEMBERS VALUES (29, 2, NULL, NULL, '나승원', '871024-1945881', NULL, '010-7249-3979', '서울동작구흑석동한강현대@110-1302', DEFAULT, DEFAULT, 0);
INSERT INTO MEMBERS VALUES (30, 3, NULL, NULL, '김순이', '741122-2515789', NULL, '010-2218-3306', '서울시 서초구 서초2동 1336 우성@ 6-1103', DEFAULT, DEFAULT, 0);
INSERT INTO MEMBERS VALUES (31, 4, NULL, NULL, '성해교', '640524-2148639', NULL, '010-9298-2295',  '서울도봉구창동807쌍용아파트104-204', DEFAULT, DEFAULT, 0);
INSERT INTO MEMBERS VALUES (32, 4, NULL, NULL, '전우성', '821121-1660412', NULL, '010-3274-3388', '서울시 은평구 갈현동 496-2', DEFAULT, DEFAULT, 0);
INSERT INTO MEMBERS VALUES (33, 15, NULL, NULL, '엄정하', '791217-2230420', NULL, '010-4766-9665', '서울시 은평구 응암동 111-42', DEFAULT, DEFAULT, 0);
INSERT INTO MEMBERS VALUES (34, 16, NULL, NULL, '심하균', '611121-1673370', NULL, '010-7125-2111', '서울송파구풍납1동507동아한가람@104-702', DEFAULT, DEFAULT, 0);
INSERT INTO MEMBERS VALUES (35, 8, NULL, NULL, '고승우', '840217-1776881', NULL, '010-3474-5512', '서울양천구신월동143-14', DEFAULT, DEFAULT, 0);
INSERT INTO MEMBERS VALUES (36, 19, NULL, NULL, '박하일', '891225-1069101', NULL, '010-1565-4413', '서울시양천구신월3동43-3', DEFAULT, DEFAULT, 0);
INSERT INTO MEMBERS VALUES (37, 18, NULL, NULL, '권상후', '790331-1662986', NULL, '010-6644-0090', '서울시 노원구 하계2동 270 현대@109동303호', DEFAULT, DEFAULT, 0);
INSERT INTO MEMBERS VALUES (38, 18, NULL, NULL, '임영애', '790833-2105839', NULL, '010-1123-2477', '서울양천구목동929목동한신아파트108-310', DEFAULT, DEFAULT, 0);
INSERT INTO MEMBERS VALUES (39, 7, NULL, NULL, '염정하', '860122-2785746', NULL, '010-9715-6623', '서울강동구둔촌동174주공아파트203-303', DEFAULT, DEFAULT, 0);
INSERT INTO MEMBERS VALUES (40, 5, NULL, NULL, '김술오', '640226-1358242', NULL, '010-1375-4954', '서울관악구봉천동1685-28호9통4반203호', DEFAULT, DEFAULT, 0);       
        
INSERT INTO BOARD (BOARD_NO, BOARD_TITLE, BOARD_CONTENT, BOARD_DATE, BOARD_WRITER, VIEW_CNT, RECOMMEND_CNT) VALUES (1, '접종 맞았아요' ,'이런 미련한 사랑 다신 안할거라고' ,'20/01/23 14:55:00','user01' , 99 , 40);
INSERT INTO BOARD (BOARD_NO, BOARD_TITLE, BOARD_CONTENT, BOARD_DATE, BOARD_WRITER, VIEW_CNT, RECOMMEND_CNT) VALUES (2, '몸살이 나요' ,'후회하며 우는 철이 없는 남자이니까' ,'20/03/16 6:11:00','user02' , 2 , 0);
INSERT INTO BOARD (BOARD_NO, BOARD_TITLE, BOARD_CONTENT, BOARD_DATE, BOARD_WRITER, VIEW_CNT, RECOMMEND_CNT) VALUES (3,'얼마나 효능이 좋은가요' ,'술만 취하면 또 다시 난 전화를 열어 받지도 않을 너인데' ,'20/04/07 4:57:49','user03' , 5 , 2);
INSERT INTO BOARD (BOARD_NO, BOARD_TITLE, BOARD_CONTENT, BOARD_DATE, BOARD_WRITER, VIEW_CNT, RECOMMEND_CNT) VALUES (4, '긴급대출 6660029##' ,'우리의 모든 순간이 애특해' ,'20/04/26 0:55:57','user04' , 2 , 2);
INSERT INTO BOARD (BOARD_NO, BOARD_TITLE, BOARD_CONTENT, BOARD_DATE, BOARD_WRITER, VIEW_CNT, RECOMMEND_CNT) VALUES (5, '이런 분 계신가요' ,'가까이서 머물게 유난히 더 힘든 날엔 더 이상 외롭지 않게' ,'20/06/04 1:16:17','user05' , 5 , 0);
INSERT INTO BOARD (BOARD_NO, BOARD_TITLE, BOARD_CONTENT, BOARD_DATE, BOARD_WRITER, VIEW_CNT, RECOMMEND_CNT) VALUES (6, '저런 분 계신가요' ,'안아줄게 영원히 내 품에 너를 간직할게' ,'20/08/02 16:21:26','user06' , 100 , 1);
INSERT INTO BOARD (BOARD_NO, BOARD_TITLE, BOARD_CONTENT, BOARD_DATE, BOARD_WRITER, VIEW_CNT, RECOMMEND_CNT) VALUES (7, '그런가요' ,'밝게 빛나는 별이 되어 너를 비춰줄게 매일' ,'20/09/15 10:53:51','user07' , 7 , 07);
INSERT INTO BOARD (BOARD_NO, BOARD_TITLE, BOARD_CONTENT, BOARD_DATE, BOARD_WRITER, VIEW_CNT, RECOMMEND_CNT) VALUES (8,'어떤가요' ,'앞이 두려워도 언제나 널 지켜줄게' ,'20/10/29 4:50:30','user20' , 14 , 12);
INSERT INTO BOARD (BOARD_NO, BOARD_TITLE, BOARD_CONTENT, BOARD_DATE, BOARD_WRITER, VIEW_CNT, RECOMMEND_CNT) VALUES (9, '그때 그 가요' ,'여기저기 손들' ,'20/11/14 0:15:23','user09' , 24 , 09);
INSERT INTO BOARD (BOARD_NO, BOARD_TITLE, BOARD_CONTENT, BOARD_DATE, BOARD_WRITER, VIEW_CNT, RECOMMEND_CNT) VALUES (10, '참치마요' ,'아이사우유위드어디퍼런트 듇' ,'20/11/25 12:29:04','user10' , 10 , 10);
INSERT INTO BOARD (BOARD_NO, BOARD_TITLE, BOARD_CONTENT, BOARD_DATE, BOARD_WRITER, VIEW_CNT, RECOMMEND_CNT) VALUES (11, '아플땐' ,'하지만 느껴지지 않아 아무 미련두' ,'20/11/26 0:27:00','user04' , 67 , 53);
INSERT INTO BOARD (BOARD_NO, BOARD_TITLE, BOARD_CONTENT, BOARD_DATE, BOARD_WRITER, VIEW_CNT, RECOMMEND_CNT) VALUES (12, '참지마요' ,'날 처버린 니가 원망스러워 눈물로 지새우던 밤은 이제 끝났다구' ,'20/11/26 2:07:28','user14' , 12 , 12);
INSERT INTO BOARD (BOARD_NO, BOARD_TITLE, BOARD_CONTENT, BOARD_DATE, BOARD_WRITER, VIEW_CNT, RECOMMEND_CNT) VALUES (13, '오늘 아들내미랑 맞으러 갔어용 오홍홍' ,'내 우스웠던 꼴이 확변했단 소리' ,'21/01/13 3:06:20','user09' , 111 , 13);
INSERT INTO BOARD (BOARD_NO, BOARD_TITLE, BOARD_CONTENT, BOARD_DATE, BOARD_WRITER, VIEW_CNT, RECOMMEND_CNT) VALUES (14, '오늘 맞으러 갔읍니다' ,'이제 혼자서만 즐겨 너의 토이 스토리스' ,'21/01/24 4:49:32','user06' , 3 , 0);
INSERT INTO BOARD (BOARD_NO, BOARD_TITLE, BOARD_CONTENT, BOARD_DATE, BOARD_WRITER, VIEW_CNT, RECOMMEND_CNT) VALUES (15, '다들 어떠신가요' ,'내 없어진 고민 시원하게 비 워내 멈춰있기엔 빨리 흘러가는 세월이 기에' ,'21/02/12 7:20:06','user05' , 15 , 1);
INSERT INTO BOARD (BOARD_NO, BOARD_TITLE, BOARD_CONTENT, BOARD_DATE, BOARD_WRITER, VIEW_CNT, RECOMMEND_CNT) VALUES (16, '참치마요' ,'열심히 노력한 만큼' ,'21/04/02 16:37:40','user19' , 16 , 1);
INSERT INTO BOARD (BOARD_NO, BOARD_TITLE, BOARD_CONTENT, BOARD_DATE, BOARD_WRITER, VIEW_CNT, RECOMMEND_CNT) VALUES (17, '그만하시오' ,'나에게 돌아오는 좋은 대답들' ,'21/04/22 19:01:59','user17' , 4 , 0);
INSERT INTO BOARD (BOARD_NO, BOARD_TITLE, BOARD_CONTENT, BOARD_DATE, BOARD_WRITER, VIEW_CNT, RECOMMEND_CNT) VALUES (18, '오로나민씨' ,'오늘따라 부는 바람도 참 기분 좋은 노래소리 같은 걸' ,'21/04/29 3:57:33','user09' , 18 , 18);
INSERT INTO BOARD (BOARD_NO, BOARD_TITLE, BOARD_CONTENT, BOARD_DATE, BOARD_WRITER, VIEW_CNT, RECOMMEND_CNT) VALUES (19, '열나시는 분' ,'난 잘지내는데 오걸 하우바튜' ,'21/05/11 15:36:41','user19' , 45 , 19);
INSERT INTO BOARD (BOARD_NO, BOARD_TITLE, BOARD_CONTENT, BOARD_DATE, BOARD_WRITER, VIEW_CNT, RECOMMEND_CNT) VALUES (20, '복통 설사' ,'요샌 항상 웃으며 살아가 워떠냐고 아임파인땡큐' ,'21/05/17 16:22:56','user10' , 23 , 20);
INSERT INTO BOARD (BOARD_NO, BOARD_TITLE, BOARD_CONTENT, BOARD_DATE, BOARD_WRITER, VIEW_CNT, RECOMMEND_CNT) VALUES (21, '아무렇지 않아요' ,'걸 유 넌 어떻게 사니' ,'21/07/18 8:05:34','user06' , 21 , 21);
INSERT INTO BOARD (BOARD_NO, BOARD_TITLE, BOARD_CONTENT, BOARD_DATE, BOARD_WRITER, VIEW_CNT, RECOMMEND_CNT) VALUES (22, '별거 없네요' ,'혹시 연애는 하니 좀 어때' ,'21/07/31 11:30:20','user12' , 6 , 22);
INSERT INTO BOARD (BOARD_NO, BOARD_TITLE, BOARD_CONTENT, BOARD_DATE, BOARD_WRITER, VIEW_CNT, RECOMMEND_CNT) VALUES (23, '더이상 쓸 말이 없네요' ,'오유 내 노랜 들어봤니 어때 괜찮니' ,'21/10/25 22:53:56','user06' , 23 , 23);
INSERT INTO BOARD (BOARD_NO, BOARD_TITLE, BOARD_CONTENT, BOARD_DATE, BOARD_WRITER, VIEW_CNT, RECOMMEND_CNT) VALUES (24, '관리자님' ,'넌 어때 예예예' ,'21/11/09 8:00:39','user14' , 12 , 5);
INSERT INTO BOARD (BOARD_NO, BOARD_TITLE, BOARD_CONTENT, BOARD_DATE, BOARD_WRITER, VIEW_CNT, RECOMMEND_CNT) VALUES (25, '독도 거주자입니다' ,'암온더넥스트뤠블 예' ,'21/11/20 23:26:16','user15' , 4 , 0);
INSERT INTO BOARD (BOARD_NO, BOARD_TITLE, BOARD_CONTENT, BOARD_DATE, BOARD_WRITER, VIEW_CNT, RECOMMEND_CNT) VALUES (26, '저는 울릉도 거주자 입니다' ,'적대적인 룰을 지켜 내손을 놓지 말아 결속은 나의 무기' ,'21/11/30 1:02:41','user16' , 265 , 26);
INSERT INTO BOARD (BOARD_NO, BOARD_TITLE, BOARD_CONTENT, BOARD_DATE, BOARD_WRITER, VIEW_CNT, RECOMMEND_CNT) VALUES (27, '저는 잠실새내 거주자 입니다' ,'아씨더뉴 에보 적대적인 고난과 슬픔은 널' ,'21/12/07 21:50:51','user04' , 2 , 0);
INSERT INTO BOARD (BOARD_NO, BOARD_TITLE, BOARD_CONTENT, BOARD_DATE, BOARD_WRITER, VIEW_CNT, RECOMMEND_CNT) VALUES (28, '안물 안궁' ,'더 파핑진화시켜 ' ,'21/12/08 3:40:22','user03' , 28 , 28);
INSERT INTO BOARD (BOARD_NO, BOARD_TITLE, BOARD_CONTENT, BOARD_DATE, BOARD_WRITER, VIEW_CNT, RECOMMEND_CNT) VALUES (29, '초밥에 청하' ,'감당할 수 없는 절망도 내 믿음을 깨지 못해' ,'21/12/12 15:22:54','user19' , 4 , 1);
INSERT INTO BOARD (BOARD_NO, BOARD_TITLE, BOARD_CONTENT, BOARD_DATE, BOARD_WRITER, VIEW_CNT, RECOMMEND_CNT) VALUES (30, '24시간이 모잘라' ,'더 아픈 시련을 맞아도 난 잡은 손을 놓지 않을게' ,'21/12/13 13:26:17','user20' , 22 , 20);

 
INSERT INTO COMMENTS VALUES  (1, 1, 'user07','20/10/29 4:55:30','추천해요', 1);
INSERT INTO COMMENTS VALUES  (2, 2, 'user20','20/11/14 0:16:23','저도 그래요', 2);
INSERT INTO COMMENTS VALUES  (3, 3, 'user09','20/11/25 12:30:04','님만 그래요',3);
INSERT INTO COMMENTS VALUES  (4, 5, 'user10','20/11/26 0:21:00','모두그래요', 4);
INSERT INTO COMMENTS VALUES  (5, 5, 'user04','20/11/26 2:29:28','크래용팝', 5);
INSERT INTO COMMENTS VALUES  (6, 16, 'user14','21/01/13 3:13:20','너무 유익해요', 6);
INSERT INTO COMMENTS VALUES  (7, 7, 'user09','21/01/24 4:59:32','축하드려요', 7);
INSERT INTO COMMENTS VALUES  (8, 28, 'user06','21/02/12 7:32:06','그래용안그래용', 8);
INSERT INTO COMMENTS VALUES  (9, 19, 'user05','21/04/02 16:38:40','유얼마핱핱핱핱핱브레이컼', 9);
INSERT INTO COMMENTS VALUES  (10, 13, 'user08','21/04/22 19:03:59','넵', 10);
INSERT INTO COMMENTS VALUES  (11, 16, 'user11','21/01/30 3:13:20','너무 유익해요2', 6);
INSERT INTO COMMENTS VALUES  (12, 7, 'user04','21/02/24 4:59:32','축하드려요2', 7);
INSERT INTO COMMENTS VALUES  (13, 28, 'user03','21/03/12 7:32:06','그래용안그래용2', 8);
INSERT INTO COMMENTS VALUES  (14, 19, 'user02','21/04/11 16:38:40','유얼마핱핱핱핱핱브레이컼2', 9);
INSERT INTO COMMENTS VALUES  (15, 13, 'user01','21/05/22 19:03:59','넵2', 10);
INSERT INTO COMMENTS VALUES  (16, 16, 'user15','21/01/30 8:13:20','헐 완전 감사해요', 16);
INSERT INTO COMMENTS VALUES  (17, 7, 'user13','21/02/24 6:59:32','잘보고갑니다~', 17);
INSERT INTO COMMENTS VALUES  (18, 28, 'user12','21/03/12 11:32:06','저도 걱정이에요', 18);
INSERT INTO COMMENTS VALUES  (19, 16, 'user16','21/04/11 20:38:40','지금은 새벽 다섯시반', 16);
INSERT INTO COMMENTS VALUES  (20, 7, 'user19','21/05/22 23:03:59','졸려~', 17);

INSERT INTO HOSPITAL (REG_BUS_NO, HP_NAME, HP_ADDRESS, HP_PHONE, HP_LATITUDE, HP_LONGITUDE) VALUES ('252-12-62156', '강남구보건소', '서울 강남구 선릉로 668', '02-3423-5555',37.5162581,127.042214);
INSERT INTO HOSPITAL (REG_BUS_NO, HP_NAME, HP_ADDRESS, HP_PHONE, HP_LATITUDE, HP_LONGITUDE) VALUES ('111-21-83547', '삼성서울병원', '서울 강남구 일원로 81', '02-3410-2114',37.4881568,127.0855952);
INSERT INTO HOSPITAL (REG_BUS_NO, HP_NAME, HP_ADDRESS, HP_PHONE, HP_LATITUDE, HP_LONGITUDE) VALUES ('637-82-47324', '연세대의과대학강남세브란스병원', '서울 강남구 언주로 211', '02-2019-3114',37.4927454,127.0463152);
INSERT INTO HOSPITAL (REG_BUS_NO, HP_NAME, HP_ADDRESS, HP_PHONE, HP_LATITUDE, HP_LONGITUDE) VALUES ('342-45-92245', '강동경희대학교의대병원', '서울 강동구 동남로 892', '02-440-7000',37.5534841,127.1576468);
INSERT INTO HOSPITAL (REG_BUS_NO, HP_NAME, HP_ADDRESS, HP_PHONE, HP_LATITUDE, HP_LONGITUDE) VALUES ('855-63-45834', '강동구보건소', '서울 강동구 성내동 541-2', '02-3425-8565',37.5292365,127.1255395);
INSERT INTO HOSPITAL (REG_BUS_NO, HP_NAME, HP_ADDRESS, HP_PHONE, HP_LATITUDE, HP_LONGITUDE) VALUES ('337-26-63478', '성심의료재단강동성심병원', '서울 강동구 성안로 150', '02-2224-2358',37.5361787,127.135423);
INSERT INTO HOSPITAL (REG_BUS_NO, HP_NAME, HP_ADDRESS, HP_PHONE, HP_LATITUDE, HP_LONGITUDE) VALUES ('342-45-34573', '한국보훈복지의료공단중앙보훈병원', '서울 강동구 진황도로61길 53', '02-2225-1100',37.5305849,127.1480435);
INSERT INTO HOSPITAL (REG_BUS_NO, HP_NAME, HP_ADDRESS, HP_PHONE, HP_LATITUDE, HP_LONGITUDE) VALUES ('753-62-49996', '강북구보건소', '서울 강북구 한천로 897', '02-901-7704',37.6320834,127.0387673);
INSERT INTO HOSPITAL (REG_BUS_NO, HP_NAME, HP_ADDRESS, HP_PHONE, HP_LATITUDE, HP_LONGITUDE) VALUES ('377-34-37245', '강서구보건소', '서울 강서구 공항대로 561', '02-2600-5868',37.5496053,126.868277);
INSERT INTO HOSPITAL (REG_BUS_NO, HP_NAME, HP_ADDRESS, HP_PHONE, HP_LATITUDE, HP_LONGITUDE) VALUES ('232-83-45893', '이화여자의과대학부속서울병원', '서울특별시 강서구 공항대로 260', '1522-7000', 37.5371113, 126.8855845);
INSERT INTO HOSPITAL (REG_BUS_NO, HP_NAME, HP_ADDRESS, HP_PHONE, HP_LATITUDE, HP_LONGITUDE) VALUES ('252-14-34794', '관악구보건소', '서울 관악구 관악로 145', '02-879-7131',37.478434,126.9511135 );
INSERT INTO HOSPITAL (REG_BUS_NO, HP_NAME, HP_ADDRESS, HP_PHONE, HP_LATITUDE, HP_LONGITUDE) VALUES ('547-62-36732', '에이치플러스양지병원', '서울 관악구 남부순환로 1636', '02-1877-8875',37.4842166,126.9325109);
INSERT INTO HOSPITAL (REG_BUS_NO, HP_NAME, HP_ADDRESS, HP_PHONE, HP_LATITUDE, HP_LONGITUDE) VALUES ('662-23-99332', '광진구보건소', '서울 광진구 자양로 117', '02-450-1937',37.5383735,127.0824046);
INSERT INTO HOSPITAL (REG_BUS_NO, HP_NAME, HP_ADDRESS, HP_PHONE, HP_LATITUDE, HP_LONGITUDE) VALUES ('272-62-63423', '건국대학교병원', '서울 광진구 능동로 120-1', '02-1588-1533',36.9789327,126.8893241);
INSERT INTO HOSPITAL (REG_BUS_NO, HP_NAME, HP_ADDRESS, HP_PHONE, HP_LATITUDE, HP_LONGITUDE) VALUES ('234-82-73458', '구로구보건소', '서울 구로구 구로중앙로28길 66', '02-860-2003', 37.500076, 126.8893241);
INSERT INTO HOSPITAL (REG_BUS_NO, HP_NAME, HP_ADDRESS, HP_PHONE, HP_LATITUDE, HP_LONGITUDE) VALUES ('772-56-94569', '고려대학교의과대학부속구로병원', '서울 구로구 구로동로 148', '02-2626-1114', 37.4922173, 126.8849478);
INSERT INTO HOSPITAL (REG_BUS_NO, HP_NAME, HP_ADDRESS, HP_PHONE, HP_LATITUDE, HP_LONGITUDE) VALUES ('232-23-45625', '금천구보건소', '서울 금천구 시흥대로73길 70', '02-2627-2717', 37.4570498, 126.8959514);
INSERT INTO HOSPITAL (REG_BUS_NO, HP_NAME, HP_ADDRESS, HP_PHONE, HP_LATITUDE, HP_LONGITUDE) VALUES ('252-37-47395', '한일병원', '서울 도봉구 우이천로 308', '02-901-3114', 36.9638808, 127.9429038);
INSERT INTO HOSPITAL (REG_BUS_NO, HP_NAME, HP_ADDRESS, HP_PHONE, HP_LATITUDE, HP_LONGITUDE) VALUES ('267-33-45673', '보라매병원', '서울 동작구 보라매로5길 20', '02-870-2114', 37.4933373, 126.9246093);
INSERT INTO HOSPITAL (REG_BUS_NO, HP_NAME, HP_ADDRESS, HP_PHONE, HP_LATITUDE, HP_LONGITUDE) VALUES ('834-23-92223', '마포구보건소', '서울 마포구 월드컵로 212', '02-3153-9037', 37.5663123, 126.9020798);

INSERT INTO NOTICE VALUES ('user01', '252-37-47395', '화이자');
INSERT INTO NOTICE VALUES ('user01', '232-23-45625', '모더나');
INSERT INTO NOTICE VALUES ('user01', '637-82-47324', '화이자');
INSERT INTO NOTICE VALUES ('user01', '342-45-34573', '화이자');
INSERT INTO NOTICE VALUES ('user01', '834-23-92223', '화이자');
INSERT INTO NOTICE VALUES ('user02', '111-21-83547', '모더나');
INSERT INTO NOTICE VALUES ('user02', '232-23-45625', '모더나');
INSERT INTO NOTICE VALUES ('user02', '377-34-37245', '모더나');
INSERT INTO NOTICE VALUES ('user02', '232-83-45893', '화이자');
INSERT INTO NOTICE VALUES ('user03', '252-12-62156', '아스트라제네카');
INSERT INTO NOTICE VALUES ('user03', '855-63-45834', '아스트라제네카');
INSERT INTO NOTICE VALUES ('user03', '342-45-34573', '아스트라제네카');
INSERT INTO NOTICE VALUES ('user03', '547-62-36732', '얀센');
INSERT INTO NOTICE VALUES ('user03', '267-33-45673', '화이자');
INSERT INTO NOTICE VALUES ('user04', '342-45-92245', '화이자');
INSERT INTO NOTICE VALUES ('user04', '753-62-49996', '얀센');
INSERT INTO NOTICE VALUES ('user05', '342-45-34573', '모더나');
INSERT INTO NOTICE VALUES ('user06', '753-62-49996', '아스트라제네카');
INSERT INTO NOTICE VALUES ('user06', '252-14-34794', '아스트라제네카');
INSERT INTO NOTICE VALUES ('user06', '252-37-47395', '얀센');
INSERT INTO NOTICE VALUES ('user06', '232-83-45893', '얀센');
INSERT INTO NOTICE VALUES ('user06', '547-62-36732', '모더나');
INSERT INTO NOTICE VALUES ('user07', '252-12-62156', '화이자');
INSERT INTO NOTICE VALUES ('user07', '637-82-47324', '화이자');
INSERT INTO NOTICE VALUES ('user07', '337-26-63478', '화이자');
INSERT INTO NOTICE VALUES ('user07', '753-62-49996', '화이자');
INSERT INTO NOTICE VALUES ('user07', '272-62-63423', '화이자');
INSERT INTO NOTICE VALUES ('user08', '855-63-45834', '화이자');
INSERT INTO NOTICE VALUES ('user10', '637-82-47324', '모더나');
INSERT INTO NOTICE VALUES ('user10', '232-23-45625', '모더나');
INSERT INTO NOTICE VALUES ('user10', '662-23-99332', '모더나');
INSERT INTO NOTICE VALUES ('user10', '234-82-73458', '모더나');
INSERT INTO NOTICE VALUES ('user11', '111-21-83547', '화이자');
INSERT INTO NOTICE VALUES ('user11', '855-63-45834', '화이자');
INSERT INTO NOTICE VALUES ('user11', '753-62-49996', '화이자');
INSERT INTO NOTICE VALUES ('user11', '232-83-45893', '아스트라제네카');
INSERT INTO NOTICE VALUES ('user11', '662-23-99332', '아스트라제네카');
INSERT INTO NOTICE VALUES ('user13', '855-63-45834', '화이자');
INSERT INTO NOTICE VALUES ('user13', '234-82-73458', '화이자');
INSERT INTO NOTICE VALUES ('user13', '547-62-36732', '모더나');
INSERT INTO NOTICE VALUES ('user13', '834-23-92223', '아스트라제네카');
INSERT INTO NOTICE VALUES ('user14', '637-82-47324', '아스트라제네카');
INSERT INTO NOTICE VALUES ('user14', '377-34-37245', '아스트라제네카');
INSERT INTO NOTICE VALUES ('user15', '377-34-37245', '화이자');
INSERT INTO NOTICE VALUES ('user15', '232-83-45893', '화이자');
INSERT INTO NOTICE VALUES ('user15', '252-37-47395', '아스트라제네카');
INSERT INTO NOTICE VALUES ('user16', '111-21-83547', '화이자');
INSERT INTO NOTICE VALUES ('user16', '342-45-92245', '화이자');
INSERT INTO NOTICE VALUES ('user16', '377-34-37245', '모더나');
INSERT INTO NOTICE VALUES ('user16', '267-33-45673', '아스트라제네카');
INSERT INTO NOTICE VALUES ('user17', '337-26-63478', '화이자');
INSERT INTO NOTICE VALUES ('user17', '662-23-99332', '화이자');
INSERT INTO NOTICE VALUES ('user18', '342-45-92245', '얀센');
INSERT INTO NOTICE VALUES ('user18', '252-37-47395', '모더나');
INSERT INTO NOTICE VALUES ('user18', '377-34-37245', '아스트라제네카');
INSERT INTO NOTICE VALUES ('user18', '252-14-34794', '아스트라제네카');
INSERT INTO NOTICE VALUES ('user18', '272-62-63423', '얀센');
INSERT INTO NOTICE VALUES ('user19', '252-12-62156', '아스트라제네카');
INSERT INTO NOTICE VALUES ('user19', '342-45-92245', '아스트라제네카');
INSERT INTO NOTICE VALUES ('user19', '337-26-63478', '아스트라제네카');
INSERT INTO NOTICE VALUES ('user19', '267-33-45673', '아스트라제네카');
INSERT INTO NOTICE VALUES ('user20', '267-33-45673', '화이자');
INSERT INTO NOTICE VALUES ('user20', '252-37-47395', '모더나');

INSERT INTO VACCINE_INFO VALUES ('화이자', 'Pfizer_Inc', '미국', 6, '6개월');
INSERT INTO VACCINE_INFO VALUES ('모더나', 'Moderna', '미국', 10, '6개월');
INSERT INTO VACCINE_INFO VALUES ('아스트라제네카', 'AstraZeneca', '미국', 10, '6개월');
INSERT INTO VACCINE_INFO VALUES ('얀센', 'JNJ', '미국', 5, '3개월');

INSERT INTO VACCINE_DATA VALUES ('PF0001', '252-12-62156', '21/07/01 09:00:10.001', 3, '21/12/17');
INSERT INTO VACCINE_DATA VALUES ('PF0002', '111-21-83547', '21/06/30 11:05:30.241', 5, '21/12/25');
INSERT INTO VACCINE_DATA VALUES ('PF0003', '342-45-92245', '21/07/13 10:30:22.152', 5, '22/01/03');
INSERT INTO VACCINE_DATA VALUES ('MO0001', '', null, 10, '21/12/14');
INSERT INTO VACCINE_DATA VALUES ('MO0002', '855-63-45834', '21/07/16 11:00:00.001', 3, '21/12/30');
INSERT INTO VACCINE_DATA VALUES ('MO0003', '337-26-63478', '21/07/15.09:25:16.442', 2, '22/01/06');
INSERT INTO VACCINE_DATA VALUES ('AZ0001', '753-62-49996', '21/06/29 09:00:30.200', 5, '21/12/22');
INSERT INTO VACCINE_DATA VALUES ('AZ0002', '252-14-34794', '21/07/03 10:00:40.212', 2, '21/12/27');
INSERT INTO VACCINE_DATA VALUES ('AZ0003', '662-23-99332', '21/07/18 11:20:42.111', 7, '21/12/28');
INSERT INTO VACCINE_DATA VALUES ('YS0001', '267-33-45673', '21/07/20 12:00:30.512', 5, '21/09/22');
INSERT INTO VACCINE_DATA VALUES ('YS0002', '834-23-92223', '21/07/30 13:20:21.132', 1, '21/10/11');
INSERT INTO VACCINE_DATA VALUES ('YS0003', '', null, 10, '21/10/21');

INSERT INTO VACCINE VALUES ('PF0001', '화이자', '21/06/17');
INSERT INTO VACCINE VALUES ('PF0002', '화이자', '21/06/25');
INSERT INTO VACCINE VALUES ('PF0003', '화이자', '21/07/03');
INSERT INTO VACCINE VALUES ('MO0001', '모더나', '21/06/14');
INSERT INTO VACCINE VALUES ('MO0002', '모더나', '21/06/30');
INSERT INTO VACCINE VALUES ('MO0003', '모더나', '21/07/06');
INSERT INTO VACCINE VALUES ('AZ0001', '아스트라제네카', '21/06/22');
INSERT INTO VACCINE VALUES ('AZ0002', '아스트라제네카', '21/06/27');
INSERT INTO VACCINE VALUES ('AZ0003', '아스트라제네카', '21/06/28');
INSERT INTO VACCINE VALUES ('YS0001', '얀센', '21/07/09');
INSERT INTO VACCINE VALUES ('YS0002', '얀센', '21/07/11');
INSERT INTO VACCINE VALUES ('YS0003', '얀센', '21/07/21');


INSERT INTO RESERVATION  VALUES ('PF0001', 'N', '910504-1025444', '252-12-62156', '21/06/25 22:03:10.001', '21/07/01 11:03:10.001', null, default);
INSERT INTO RESERVATION  VALUES ('PF0001', 'Y', '621133-1483658', '252-12-62156', '21/06/27 12:26:40.223', '21/07/01 14:03:10.001', null, default);
INSERT INTO RESERVATION  VALUES ('PF0001', 'N', '990806-1654555', '252-12-62156', '21/06/30 22:53:12.115', '21/07/01 11:21:10.005', null, default);
INSERT INTO RESERVATION  VALUES ('PF0002', 'Y', '621136-1006405', '111-21-83547', '21/06/25 07:16:15.119', null, '21/06/26 04:03:10.001', 'C');
INSERT INTO RESERVATION  VALUES ('PF0002', 'N', '910530-1655977', '111-21-83547', '21/06/25 12:26:18.115', '21/06/30 12:03:10.001', null, 'F');
INSERT INTO RESERVATION  VALUES ('PF0003', 'Y', '861011-1940062', '342-45-92245', '21/07/12 07:07:19.121', '21/07/13 15:03:12.001', null, default);
INSERT INTO RESERVATION  VALUES ('PF0003', 'N', '910203-1211224', '342-45-92245', '21/07/03 11:15:23.222', '21/07/13 13:03:20.001', null, default);
INSERT INTO RESERVATION  VALUES ('PF0003', 'Y', '631127-2519077', '342-45-92245', '21/07/04 13:52:21.003', '21/07/13 11:03:16.501', null, default);
INSERT INTO RESERVATION  VALUES ('PF0003', 'N', '961205-1654552', '342-45-92245', '21/07/12 12:12:26.021', '21/07/13 13:03:10.001', null, default);
INSERT INTO RESERVATION  VALUES ('PF0003', 'Y', '651031-1962810', '342-45-92245', '21/07/04 09:05:28.033', '21/07/13 12:03:10.131', null, default);
INSERT INTO RESERVATION  VALUES ('MO0002', 'N', '951106-2124563', '855-63-45834', '21/07/11 11:03:31.011', '21/07/16 12:03:10.006', null, default);
INSERT INTO RESERVATION  VALUES ('MO0002', 'Y', '721128-1732822', '855-63-45834', '21/07/11 15:22:30.001', null, '21/07/13 21:03:10.001', 'C');
INSERT INTO RESERVATION  VALUES ('MO0003', 'N', '910721-1465977', '337-26-63478', '21/07/11 17:11:33.071', '21/07/15 12:03:10.001', null, default);
INSERT INTO RESERVATION  VALUES ('MO0003', 'Y', '641231-2269080', '337-26-63478', '21/07/08 11:37:36.031', null, '21/07/11 09:03:10.001', 'C');
INSERT INTO RESERVATION  VALUES ('AZ0001', 'N', '821222-2127042', '753-62-49996', '21/06/20 08:44:37.226', '21/06/29 09:03:10.001', null, 'F');
INSERT INTO RESERVATION  VALUES ('AZ0001', 'Y', '651122-2592930', '753-62-49996', '21/06/21 16:51:41.231', '21/06/29 10:03:10.001', null, 'F');
INSERT INTO RESERVATION  VALUES ('AZ0001', 'N', '801022-1102410', '753-62-49996', '21/06/23 17:27:40.004', null, '21/06/24 14:03:10.012', 'C');
INSERT INTO RESERVATION  VALUES ('AZ0001', 'Y', '871024-1945881', '753-62-49996', '21/06/20 11:34:44.734', '21/06/29 11:03:10.001', null, 'F');
INSERT INTO RESERVATION  VALUES ('AZ0002', 'N', '820617-2111019', '252-14-34794', '21/07/02 05:09:46.266', '21/07/03 12:03:10.001', null, default);
INSERT INTO RESERVATION  VALUES ('AZ0003', 'Y', '741122-2515789', '662-23-99332', '21/07/16 12:18:45.123', '21/07/18 11:03:10.001', null, default);
INSERT INTO RESERVATION  VALUES ('AZ0003', 'N', '820613-2156844', '662-23-99332', '21/07/08 16:29:48.021', '21/07/18 12:03:30.201', null, default);
INSERT INTO RESERVATION  VALUES ('AZ0003', 'Y', '640524-2148639', '662-23-99332', '21/07/11 08:30:51.023', '21/07/18 12:40:25.001', null, default);
INSERT INTO RESERVATION  VALUES ('AZ0003', 'N', '841225-2161953', '662-23-99332', '21/07/10 11:51:55.051', '21/07/18 13:03:10.123', null, default);
INSERT INTO RESERVATION  VALUES ('AZ0003', 'Y', '821121-1660412', '662-23-99332', '21/07/11 16:42:56.071', null, '21/07/15 09:03:10.001', 'C');
INSERT INTO RESERVATION  VALUES ('YS0001', 'N', '810722-1129861', '267-33-45673', '21/07/13 13:41:24.002', '21/07/20 12:03:10.001', null, default);
INSERT INTO RESERVATION  VALUES ('YS0001', 'Y', '791217-2230420', '267-33-45673', '21/07/13 18:03:34.015', '21/07/20 16:03:40.251', null, default);
INSERT INTO RESERVATION  VALUES ('YS0001', 'N', '800620-1102305', '267-33-45673', '21/07/12 08:01:41.011', '21/07/20 13:03:14.301', null, default);
INSERT INTO RESERVATION  VALUES ('YS0001', 'Y', '611121-1673370', '267-33-45673', '21/07/13 14:05:33.051', '21/07/20 15:03:10.001', null, default);
INSERT INTO RESERVATION  VALUES ('YS0001', 'N', '820221-1116284', '267-33-45673', '21/07/14 12:16:16.011', null, '21/07/15 12:03:10.001', 'C');
INSERT INTO RESERVATION  VALUES ('YS0002', 'Y', '840217-1776881', '834-23-92223', '21/07/16 10:19:11.015', '21/07/30 15:03:10.001', null, default);


-- 접종완료인 회원 ino_cnt =2
update members m
set m.ino_cnt = 2
where m.user_rn in (select r.user_rn
                                from reservation r
                                where state = 'F');
                            

--접종일시가 오늘기준 3주 이상인 사람
update members set ino_cnt = 2
where user_rn in 
(select user_rn
from reservation 
where ioc_date +21 < sysdate);
--접종일시가 오늘 기준 3주 미만인 사람
update members set ino_cnt = 1
where user_rn in 
(select user_rn
from reservation 
where ioc_date +21 > sysdate);
                                
-- ino_cnt = 2 인 회원 state = 'f'
update members m
set m.ino_cnt = 2
where m.user_rn in (select r.user_rn
                                from reservation r
                                where state = 'F');
--state = f인 회원 inocnt =2                           
update reservation r
set r.state = 'F'
where r.user_rn in (select m.user_rn
                                from members m
                                where ino_cnt = 2);


commit;


